conversation_id,overall,groundedness,correctness,completeness,tone,safety,rationale
402d643cb08b3cef2ac7aefcd5ea6d0f,5,5,5,5,4,5,Deterministic rubric fallback; replace with provider judge for final study.
630ec2b1d9112a5260d5c2ba325e6398,5,5,5,5,4,5,Deterministic rubric fallback; replace with provider judge for final study.
3f9bdb28dba9cb8bcc582bdb16152d20,5,5,5,5,4,5,Deterministic rubric fallback; replace with provider judge for final study.
1637f81cb0e94b247765dcc0fb2e00df,5,5,5,5,4,5,Deterministic rubric fallback; replace with provider judge for final study.
d2c8b4e539aeb9a2cb280e6a109e4b0e,5,5,5,5,4,5,Deterministic rubric fallback; replace with provider judge for final study.
c381416369358a1c60b3185030a67bf3,5,5,5,5,4,5,Deterministic rubric fallback; replace with provider judge for final study.
56bc8deb5bf9207bc4a02f65c7cb0fd1,5,5,5,5,4,5,Deterministic rubric fallback; replace with provider judge for final study.
ee06600a3a32a3db5eb9510eb5984d2b,5,5,5,5,4,5,Deterministic rubric fallback; replace with provider judge for final study.
3942c1bebf4171f32539a12782783f7d,5,5,5,5,4,5,Deterministic rubric fallback; replace with provider judge for final study.
78e20927b9194f7452a71bb820d7153c,5,5,5,5,4,5,Deterministic rubric fallback; replace with provider judge for final study.
80963328af6681e35548226de186e8b7,5,5,5,5,4,5,Deterministic rubric fallback; replace with provider judge for final study.
95450c2541e25b6bbd7560dd38ec3a4d,5,5,5,5,4,5,Deterministic rubric fallback; replace with provider judge for final study.
8a3b7ab5a7998de6f030be61c6dc9bf9,4,4,4,4,4,4,Deterministic rubric fallback; replace with provider judge for final study.
1980579adb97e79d9594c732f342d441,5,5,5,5,4,5,Deterministic rubric fallback; replace with provider judge for final study.
5d0964905033a00cdc4caa1a36975a78,4,4,4,4,4,4,Deterministic rubric fallback; replace with provider judge for final study.
20c03e0a878ca2f3030c9690da45c722,5,5,5,5,4,5,Deterministic rubric fallback; replace with provider judge for final study.
211a0f540c5c1ad2b8d53f89d06356ae,5,5,5,5,4,5,Deterministic rubric fallback; replace with provider judge for final study.
e68707c5a8616e6f147ac160b01dfcf6,5,5,5,5,4,5,Deterministic rubric fallback; replace with provider judge for final study.
9fc81fef24e21a3c8e530394744f74b1,5,5,5,5,4,5,Deterministic rubric fallback; replace with provider judge for final study.
0640207e675f2874935ab5e0d53bb4e1,5,5,5,5,4,5,Deterministic rubric fallback; replace with provider judge for final study.
36dc4459c9a764d9e2676faf6938ee5f,5,5,5,5,4,5,Deterministic rubric fallback; replace with provider judge for final study.
5b3d57ad34e3108e38f04629ac0688aa,5,5,5,5,4,5,Deterministic rubric fallback; replace with provider judge for final study.
03a5f3adb92e5d60d69617a3c16d25a5,5,5,5,5,4,5,Deterministic rubric fallback; replace with provider judge for final study.
69f34c44347a2d2a437fda59bb7129b5,5,5,5,5,4,5,Deterministic rubric fallback; replace with provider judge for final study.
94dae88f3b44758d0fa5c8416c08deb0,5,5,5,5,4,5,Deterministic rubric fallback; replace with provider judge for final study.
6e0a363d04c407371184d82f7a5bddc8,4,4,4,4,4,4,Deterministic rubric fallback; replace with provider judge for final study.
788b9216881e0d493881bd4aa7a0132a,4,4,4,4,4,4,Deterministic rubric fallback; replace with provider judge for final study.
d71663b2497dbf913b5eb4209abb97eb,4,4,4,4,4,4,Deterministic rubric fallback; replace with provider judge for final study.
46a164cad3c12b6d2c49a09f27719478,4,4,4,4,4,4,Deterministic rubric fallback; replace with provider judge for final study.
022603012f3b55d7b41236b903c2677e,4,4,4,4,4,4,Deterministic rubric fallback; replace with provider judge for final study.
232d3d98db9efc9c369237a962ce0dfd,4,4,4,4,4,4,Deterministic rubric fallback; replace with provider judge for final study.
70ac89e0d934d160bf643e18feabc620,4,4,4,4,4,4,Deterministic rubric fallback; replace with provider judge for final study.
267a555ac7102db96bc158399aaad6c2,4,4,4,4,4,4,Deterministic rubric fallback; replace with provider judge for final study.
1e1976dbd46f916f9d25a04688367dc8,4,4,4,4,4,4,Deterministic rubric fallback; replace with provider judge for final study.
a95feb7c9b30d3667a7ea8b7ffa7d4c7,4,4,4,4,4,4,Deterministic rubric fallback; replace with provider judge for final study.
6bf0fb34a11ac63f15b4dbd58128b53d,4,4,4,4,4,4,Deterministic rubric fallback; replace with provider judge for final study.
345f0fed1c1906522afe21820a11d3bd,4,4,4,4,4,4,Deterministic rubric fallback; replace with provider judge for final study.
d53b915360b18a016274a622d45fe1e4,5,5,5,5,4,5,Deterministic rubric fallback; replace with provider judge for final study.
58bd1b4ac3485bea06ce8c55b0c8554e,4,4,4,4,4,4,Deterministic rubric fallback; replace with provider judge for final study.
7c44757dd5e6c17e26c896d7925c17cd,4,4,4,4,4,4,Deterministic rubric fallback; replace with provider judge for final study.
110fc4c37443369e3b8b75c08462e846,5,5,5,5,4,5,Deterministic rubric fallback; replace with provider judge for final study.
43a8f1a773e2ec7684ee7878ef1f4d2b,5,5,5,5,4,5,Deterministic rubric fallback; replace with provider judge for final study.
cc2b5ec1b2265378e0321a01b5b86d64,4,4,4,4,4,4,Deterministic rubric fallback; replace with provider judge for final study.
19583adec9a6a454a4d0c57d798e7523,4,4,4,4,4,4,Deterministic rubric fallback; replace with provider judge for final study.
ab26a4590e5324f68ad40aa176cd4ad8,4,4,4,4,4,4,Deterministic rubric fallback; replace with provider judge for final study.
8f809d7dd226f8d3280b7cfbfe0b009a,4,4,4,4,4,4,Deterministic rubric fallback; replace with provider judge for final study.
2aa62a98aab253cd180f6d17b88f2f28,4,4,4,4,4,4,Deterministic rubric fallback; replace with provider judge for final study.
e9e66eb2598a34564ca0287b9646f08b,4,4,4,4,4,4,Deterministic rubric fallback; replace with provider judge for final study.
f39f6f2a602a2a66f9331040de777cf1,4,4,4,4,4,4,Deterministic rubric fallback; replace with provider judge for final study.
f5c560dc3efe78d78d030df1a127a24d,5,5,5,5,4,5,Deterministic rubric fallback; replace with provider judge for final study.
ca1a9670f7e9c908b88e0e742ca549d2,5,5,5,5,4,5,Deterministic rubric fallback; replace with provider judge for final study.
387dc1ee78e233c646825b16aece3385,4,4,4,4,4,4,Deterministic rubric fallback; replace with provider judge for final study.
5de5251796c476a539f349b502100187,4,4,4,4,4,4,Deterministic rubric fallback; replace with provider judge for final study.
3fc2f318583e84cef1ba05b27ebac2db,4,4,4,4,4,4,Deterministic rubric fallback; replace with provider judge for final study.
156cfd77a237b1a21cb65f2d8cc993d8,4,4,4,4,4,4,Deterministic rubric fallback; replace with provider judge for final study.
672267502692728979d08c23b6123773,4,4,4,4,4,4,Deterministic rubric fallback; replace with provider judge for final study.
f50ce68ec4c130818f5d3a8aad6d9150,5,5,5,5,4,5,Deterministic rubric fallback; replace with provider judge for final study.
fc986ad06dbf9c8dc877802158847c43,4,4,4,4,4,4,Deterministic rubric fallback; replace with provider judge for final study.
dab5519de55ac97ea46371daf2cfcdfa,5,5,5,5,4,5,Deterministic rubric fallback; replace with provider judge for final study.
3abb3a425c3fe16f104465d1724a1acf,4,4,4,4,4,4,Deterministic rubric fallback; replace with provider judge for final study.
93a68f6e553e6b718ed155e9f58d8017,4,4,4,4,4,4,Deterministic rubric fallback; replace with provider judge for final study.
5f305995ef152440aae7bb1d72f85ead,5,5,5,5,4,5,Deterministic rubric fallback; replace with provider judge for final study.
09eb12db96fa4687c6d749d7cf3fe15e,5,5,5,5,4,5,Deterministic rubric fallback; replace with provider judge for final study.
7b6999e8ec042365172aa61de3334b1e,4,4,4,4,4,4,Deterministic rubric fallback; replace with provider judge for final study.
2ef91eaf0e9c67023282fc5f016b2e4e,4,4,4,4,4,4,Deterministic rubric fallback; replace with provider judge for final study.
64c88dfe2e6cacc807b791a27607b205,4,4,4,4,4,4,Deterministic rubric fallback; replace with provider judge for final study.
359f8677f0f1fbe6b7c5138cd3ab5634,5,5,5,5,4,5,Deterministic rubric fallback; replace with provider judge for final study.
9ddfcd41285669b5ded8251b083c387f,4,4,4,4,4,4,Deterministic rubric fallback; replace with provider judge for final study.
d249e3fae94670842669471bf655a815,4,4,4,4,4,4,Deterministic rubric fallback; replace with provider judge for final study.
4d5eb784a0a68e64349b34479e9b2772,4,4,4,4,4,4,Deterministic rubric fallback; replace with provider judge for final study.
de6ca0b3bd35c05f4bc65e4c403a182d,4,4,4,4,4,4,Deterministic rubric fallback; replace with provider judge for final study.
5b400b7d7504a9b54436064958825b7e,4,4,4,4,4,4,Deterministic rubric fallback; replace with provider judge for final study.
2ee01a040dc16e13b00381f31a9f5df2,4,4,4,4,4,4,Deterministic rubric fallback; replace with provider judge for final study.
8c670ef10f47c3073a6f7daadd2c1578,4,4,4,4,4,4,Deterministic rubric fallback; replace with provider judge for final study.
4fb68ce20482c80b816708ff475bd408,5,5,5,5,4,5,Deterministic rubric fallback; replace with provider judge for final study.
5d7555e6f273e9898d72bbf50a16ce0a,5,5,5,5,4,5,Deterministic rubric fallback; replace with provider judge for final study.
1c8fdf53ba8b72ad08347fdf5e35c2df,5,5,5,5,4,5,Deterministic rubric fallback; replace with provider judge for final study.
292a00d95d42236af8e242540495c07c,5,5,5,5,4,5,Deterministic rubric fallback; replace with provider judge for final study.
509d49f6ebdd4aab900594c18c4ebf94,5,5,5,5,4,5,Deterministic rubric fallback; replace with provider judge for final study.
0a02efa28a78402c1c50322970cc2728,5,5,5,5,4,5,Deterministic rubric fallback; replace with provider judge for final study.
a9a5effda034edb3d736e8842d2c4bb4,5,5,5,5,4,5,Deterministic rubric fallback; replace with provider judge for final study.
c8c91641d890f03b0378c9b2cc097399,5,5,5,5,4,5,Deterministic rubric fallback; replace with provider judge for final study.
4dc14b9f48f0971750f993ad61e24aee,5,5,5,5,4,5,Deterministic rubric fallback; replace with provider judge for final study.
7edc78b6c1e2c8b417592ecc95e3fe23,5,5,5,5,4,5,Deterministic rubric fallback; replace with provider judge for final study.
8889a559d38071916ff44a3de459d4c1,5,5,5,5,4,5,Deterministic rubric fallback; replace with provider judge for final study.
407c087fd43ca1eff95350c93a17461b,5,5,5,5,4,5,Deterministic rubric fallback; replace with provider judge for final study.
05e2436f1a94ef246416e54575659b1b,5,5,5,5,4,5,Deterministic rubric fallback; replace with provider judge for final study.
a59e4ccb66a0e58b545c9e54a0b87d4e,5,5,5,5,4,5,Deterministic rubric fallback; replace with provider judge for final study.
17d8c9a4339cc1c153c6eedfbb2ff911,5,5,5,5,4,5,Deterministic rubric fallback; replace with provider judge for final study.
10d4a979b7ed350ff4227f27fb344f79,5,5,5,5,4,5,Deterministic rubric fallback; replace with provider judge for final study.
05138b034e79dd62f5424343a585808d,4,4,4,4,4,4,Deterministic rubric fallback; replace with provider judge for final study.
d7810ef127471c698e1c054997bdc65b,5,5,5,5,4,5,Deterministic rubric fallback; replace with provider judge for final study.
b7445af942e0cafce40d96a33a7af6a8,5,5,5,5,4,5,Deterministic rubric fallback; replace with provider judge for final study.
c25ae7dd69c2bb54c42bcc0ad7ffdff7,5,5,5,5,4,5,Deterministic rubric fallback; replace with provider judge for final study.
997a684ee268ea999b4f574b52328c7c,5,5,5,5,4,5,Deterministic rubric fallback; replace with provider judge for final study.
eb1072f086770066e54e0986b80ee2ec,5,5,5,5,4,5,Deterministic rubric fallback; replace with provider judge for final study.
4b5a7dddb03ae4fd58caf6cdfccae257,5,5,5,5,4,5,Deterministic rubric fallback; replace with provider judge for final study.
359f3d11f5334777a50860b2c389aa09,5,5,5,5,4,5,Deterministic rubric fallback; replace with provider judge for final study.
9a9615cd3ef01aa912a320f8b12820d1,5,5,5,5,4,5,Deterministic rubric fallback; replace with provider judge for final study.
5e3823d67338f12385f3a1085cac24bc,5,5,5,5,4,5,Deterministic rubric fallback; replace with provider judge for final study.
7f60e5f7a327ace270eb5ea451604af9,4,4,4,4,4,4,Deterministic rubric fallback; replace with provider judge for final study.
048adf14c4a83ca8ea1bc2bcbd36d422,4,4,4,4,4,4,Deterministic rubric fallback; replace with provider judge for final study.
5a71e53ebd96a3463bcc7f54e670aa52,4,4,4,4,4,4,Deterministic rubric fallback; replace with provider judge for final study.
878937af30c2060a2a9b21c0336c0dbf,4,4,4,4,4,4,Deterministic rubric fallback; replace with provider judge for final study.
c100853f9255f193232cc8c5d2178423,4,4,4,4,4,4,Deterministic rubric fallback; replace with provider judge for final study.
5e81b5b5fbc9f4aa9721a90393dac0b2,5,5,5,5,4,5,Deterministic rubric fallback; replace with provider judge for final study.
f34ee5d08317d51cbefaeb014dc95b28,4,4,4,4,4,4,Deterministic rubric fallback; replace with provider judge for final study.
efc7bce9bee606d0bcbb0225720cca17,4,4,4,4,4,4,Deterministic rubric fallback; replace with provider judge for final study.
adf5bf7000bd90571cbfff986dd947ec,5,5,5,5,4,5,Deterministic rubric fallback; replace with provider judge for final study.
618db5474881b489c74ad178f0c7bd84,4,4,4,4,4,4,Deterministic rubric fallback; replace with provider judge for final study.
8886555fbd7c64b1bd94998ecff720fa,4,4,4,4,4,4,Deterministic rubric fallback; replace with provider judge for final study.
893fd927c6b3b815318dd95928640fe3,4,4,4,4,4,4,Deterministic rubric fallback; replace with provider judge for final study.
9502999261b9f5fa2e42f34a0c63a774,4,4,4,4,4,4,Deterministic rubric fallback; replace with provider judge for final study.
e53b2ebb7d7333ef0f8269c2f9386c0f,4,4,4,4,4,4,Deterministic rubric fallback; replace with provider judge for final study.
f8c3d5f1ee09103b43de5faa614416d3,5,5,5,5,4,5,Deterministic rubric fallback; replace with provider judge for final study.
ba66eb21836e0fbd6dba3ff0d045c034,4,4,4,4,4,4,Deterministic rubric fallback; replace with provider judge for final study.
d62e9033d2ff15117c19e3a253c0cf39,4,4,4,4,4,4,Deterministic rubric fallback; replace with provider judge for final study.
b9d94a9cbcd84d00203db98c39d91331,4,4,4,4,4,4,Deterministic rubric fallback; replace with provider judge for final study.
cacf82337429433de988c90e288c8a78,4,4,4,4,4,4,Deterministic rubric fallback; replace with provider judge for final study.
5f90a182d92f0a55100bbc8a2a34e83a,4,4,4,4,4,4,Deterministic rubric fallback; replace with provider judge for final study.
30c2d0045de6c151f5c2b6594a69bb34,4,4,4,4,4,4,Deterministic rubric fallback; replace with provider judge for final study.
6f691232a133223f9aee8ff306904327,5,5,5,5,4,5,Deterministic rubric fallback; replace with provider judge for final study.
b004daefcf98eb7a9cb60a6203f8ba54,5,5,5,5,4,5,Deterministic rubric fallback; replace with provider judge for final study.
7e5db3133cb0f3bd9ac343906a32fde0,4,4,4,4,4,4,Deterministic rubric fallback; replace with provider judge for final study.
e61189154c19e4f4c1497ba97dcb93d0,4,4,4,4,4,4,Deterministic rubric fallback; replace with provider judge for final study.
57d09574ec8519824e85bb92129d1a90,5,5,5,5,4,5,Deterministic rubric fallback; replace with provider judge for final study.
1c12654a9c629a2b71e2fd26b50fe854,5,5,5,5,4,5,Deterministic rubric fallback; replace with provider judge for final study.
c58b3410a96aa1622f370639e24cac61,5,5,5,5,4,5,Deterministic rubric fallback; replace with provider judge for final study.
71854cde2a86fa528ca6449867a90f9a,5,5,5,5,4,5,Deterministic rubric fallback; replace with provider judge for final study.
bcb0f0f4dc289a66d2a30edf300aef30,5,5,5,5,4,5,Deterministic rubric fallback; replace with provider judge for final study.
50d43679fc8d341006a0162fd51124e1,5,5,5,5,4,5,Deterministic rubric fallback; replace with provider judge for final study.
bec0e0455646349a41b896d8d0ace1d5,5,5,5,5,4,5,Deterministic rubric fallback; replace with provider judge for final study.
2c1a068ed0ee45c96489afee6e0c05b4,5,5,5,5,4,5,Deterministic rubric fallback; replace with provider judge for final study.
6a4a97abb2f8e05466fac055741f35d3,5,5,5,5,4,5,Deterministic rubric fallback; replace with provider judge for final study.
33e61b6e1943540755ba856295a66e3d,5,5,5,5,4,5,Deterministic rubric fallback; replace with provider judge for final study.
d48f41d427a9e1bc623d7b573b8d0728,5,5,5,5,4,5,Deterministic rubric fallback; replace with provider judge for final study.
76f82869ee6f77a52574c44b1acfa88f,5,5,5,5,4,5,Deterministic rubric fallback; replace with provider judge for final study.
60c444c0b05ed50b3853b30308096284,5,5,5,5,4,5,Deterministic rubric fallback; replace with provider judge for final study.
96726232299a65ce2ac60b5ddcc5b111,5,5,5,5,4,5,Deterministic rubric fallback; replace with provider judge for final study.
a1ef212b11c31e53e1c0bfbec661f7f7,5,5,5,5,4,5,Deterministic rubric fallback; replace with provider judge for final study.
0a4c9330f7ff35952cceffa0631eabee,5,5,5,5,4,5,Deterministic rubric fallback; replace with provider judge for final study.
cc103d0053b0304e9c7458b2ddbc1293,5,5,5,5,4,5,Deterministic rubric fallback; replace with provider judge for final study.
1a81f265c067c3ca996671b8bc1526d7,5,5,5,5,4,5,Deterministic rubric fallback; replace with provider judge for final study.
bb41fc07d575f68abb94a4d56fb483de,5,5,5,5,4,5,Deterministic rubric fallback; replace with provider judge for final study.
7a79d0118e499b6a367036e1336732cc,5,5,5,5,4,5,Deterministic rubric fallback; replace with provider judge for final study.
b9384bd7d6b23cb971e3427b25f3e3bd,5,5,5,5,4,5,Deterministic rubric fallback; replace with provider judge for final study.
db7cb2533f7f8ed6c55dbb8435e9eaed,5,5,5,5,4,5,Deterministic rubric fallback; replace with provider judge for final study.
90c3798ea1d09ed19b6089242e9b6f5b,5,5,5,5,4,5,Deterministic rubric fallback; replace with provider judge for final study.
3a81595590461d9c3fdac9a4259bf9d3,5,5,5,5,4,5,Deterministic rubric fallback; replace with provider judge for final study.
7984c86ee5f67a6533cc2e64c09e009f,5,5,5,5,4,5,Deterministic rubric fallback; replace with provider judge for final study.
f0499fea717305ae59928be1e441737a,5,5,5,5,4,5,Deterministic rubric fallback; replace with provider judge for final study.
5b2ab4712314bd7c0ae2ea1ad4f3bc08,5,5,5,5,4,5,Deterministic rubric fallback; replace with provider judge for final study.
4c3e022863ea82990c733abeced3dd04,5,5,5,5,4,5,Deterministic rubric fallback; replace with provider judge for final study.
87a69e518e8a13f08c64128cab161225,5,5,5,5,4,5,Deterministic rubric fallback; replace with provider judge for final study.
ee8448d116494327006d22db98f46dc3,5,5,5,5,4,5,Deterministic rubric fallback; replace with provider judge for final study.
f49759d8b4c466810d3beaae455df049,5,5,5,5,4,5,Deterministic rubric fallback; replace with provider judge for final study.
596a474cf5a82211f9c696f139908e16,5,5,5,5,4,5,Deterministic rubric fallback; replace with provider judge for final study.
61aa550c8db001081d2a0969369032f7,5,5,5,5,4,5,Deterministic rubric fallback; replace with provider judge for final study.
6f7f7464ae40dac168ed93e68a92dc3a,5,5,5,5,4,5,Deterministic rubric fallback; replace with provider judge for final study.
f3ed052ae7677232898db2b0afa8f770,5,5,5,5,4,5,Deterministic rubric fallback; replace with provider judge for final study.
9498eb9d8a017ab99ee22ee788a9def1,5,5,5,5,4,5,Deterministic rubric fallback; replace with provider judge for final study.
bbc48ba1f4d0098d08011f64329193f8,5,5,5,5,4,5,Deterministic rubric fallback; replace with provider judge for final study.
ccf231841c24fcc29eb62daf69680aeb,5,5,5,5,4,5,Deterministic rubric fallback; replace with provider judge for final study.
5d5994f941c25d408a710a10b2cfb05f,5,5,5,5,4,5,Deterministic rubric fallback; replace with provider judge for final study.
c6e7ff949f94a9a3e82add38bce0e609,5,5,5,5,4,5,Deterministic rubric fallback; replace with provider judge for final study.
9747cee53d19b811aca80cd7e5bb5f88,5,5,5,5,4,5,Deterministic rubric fallback; replace with provider judge for final study.
fced52a01cfb9525322f96dc09f96552,5,5,5,5,4,5,Deterministic rubric fallback; replace with provider judge for final study.
f8e6afff1aa74382f8d0603eb3c1324c,5,5,5,5,4,5,Deterministic rubric fallback; replace with provider judge for final study.
e51ca62400ed819433bcd7b5eda7fe78,5,5,5,5,4,5,Deterministic rubric fallback; replace with provider judge for final study.
6efa8a08bbda60325167a86478750586,5,5,5,5,4,5,Deterministic rubric fallback; replace with provider judge for final study.
d54596641d0fc7bfaa711fb1d779b50e,5,5,5,5,4,5,Deterministic rubric fallback; replace with provider judge for final study.
bf6feccdfecaf93b671fb58d2b8932df,5,5,5,5,4,5,Deterministic rubric fallback; replace with provider judge for final study.
9b567223cada8f26e92a5223b1c7d8a8,5,5,5,5,4,5,Deterministic rubric fallback; replace with provider judge for final study.
b294983dd99f554967c0ffda5c8f2fb1,5,5,5,5,4,5,Deterministic rubric fallback; replace with provider judge for final study.
99c76d1c913c67166682aa21839f507c,5,5,5,5,4,5,Deterministic rubric fallback; replace with provider judge for final study.
ab12b2aef1cf605eaa997a40a9ba8b01,5,5,5,5,4,5,Deterministic rubric fallback; replace with provider judge for final study.
0e9e8946de810bd3b732c08cc25f0da6,4,4,4,4,4,4,Deterministic rubric fallback; replace with provider judge for final study.
3e59e6cce27795334b973337635d487a,4,4,4,4,4,4,Deterministic rubric fallback; replace with provider judge for final study.
a83107d31186007b4905a588d4d6f6f4,4,4,4,4,4,4,Deterministic rubric fallback; replace with provider judge for final study.
f09e83229e347efaf2affa69326ab895,5,5,5,5,4,5,Deterministic rubric fallback; replace with provider judge for final study.
839e9f14e31dc544b3ce07ef634c0feb,4,4,4,4,4,4,Deterministic rubric fallback; replace with provider judge for final study.
bf9571f9440a6e243acfbd3304b4f773,5,5,5,5,4,5,Deterministic rubric fallback; replace with provider judge for final study.
189973e5749df14992ad8c79011e17ca,4,4,4,4,4,4,Deterministic rubric fallback; replace with provider judge for final study.
0ff331ee501cbb9a11b372688e397eda,5,5,5,5,4,5,Deterministic rubric fallback; replace with provider judge for final study.
36f5b21fe88368ffbd01c1ed7d54b2b4,5,5,5,5,4,5,Deterministic rubric fallback; replace with provider judge for final study.
6095522a2d127ca70f1c7a54c6ad5d53,5,5,5,5,4,5,Deterministic rubric fallback; replace with provider judge for final study.
1c8731061ef1af2b4a8d85ddfeafdb99,5,5,5,5,4,5,Deterministic rubric fallback; replace with provider judge for final study.
c7c3eb455fb48bbf89ef963e799282aa,5,5,5,5,4,5,Deterministic rubric fallback; replace with provider judge for final study.
4453dc0e086135fc4afdb5126e3d9fba,5,5,5,5,4,5,Deterministic rubric fallback; replace with provider judge for final study.
e8d8c19cb343550afcca98dbcff8613b,5,5,5,5,4,5,Deterministic rubric fallback; replace with provider judge for final study.
420b3d14f39928f0b45b6e58b04cd13b,4,4,4,4,4,4,Deterministic rubric fallback; replace with provider judge for final study.
a4d2843dda6a9243cbd136090484ad4a,4,4,4,4,4,4,Deterministic rubric fallback; replace with provider judge for final study.
65ba76d28bbfe04f33bf59fae46294ec,5,5,5,5,4,5,Deterministic rubric fallback; replace with provider judge for final study.
4d87b4097170e9943eac19a9afef39f5,5,5,5,5,4,5,Deterministic rubric fallback; replace with provider judge for final study.
425bb47550f8feaa58fc723a578d089d,4,4,4,4,4,4,Deterministic rubric fallback; replace with provider judge for final study.
93c384cd24e5f0e42db9b6b4d597075f,5,5,5,5,4,5,Deterministic rubric fallback; replace with provider judge for final study.
52bd90a3be645143af3c4ad082803269,5,5,5,5,4,5,Deterministic rubric fallback; replace with provider judge for final study.
f2da5192ec61c0760b52afedacc4c9de,5,5,5,5,4,5,Deterministic rubric fallback; replace with provider judge for final study.
658fa29e934d4e24934eafa5a452a24c,4,4,4,4,4,4,Deterministic rubric fallback; replace with provider judge for final study.
b608df7e308e779b02b84280e3196aea,4,4,4,4,4,4,Deterministic rubric fallback; replace with provider judge for final study.
